"Blood for a Silver Dollar",1965,"One Silver Dollar; Un Dollaro Bucato","Giorgio Ferroni (as Calvin J. Padget)","Giuliano Gemma (as Montgomery Wood)","Evelyn Stewart, Peter Cross, Andrew Scott, Max Dean, Nello Pazzafini, Frank Farrel","Gianni Ferrio","A discharged Confederate soldier travels west to build a new life, but is tricked by a town boss into a gunfight against his own brother. Saved from death when a bullet strikes a silver dollar in his pocket, he goes undercover to bring down the syndicate."
"Blood River",1974,"Dieci Bianchi Uccisi da un Piccolo Indiano","Gianfranco Baldanello","Fabio Testi","John Ireland, Rosalba Neri, Julie Newmar, Daniel Martin","Piero Umiliani","A very late-cycle, moody Eurowestern boasting an eclectic international ensemble including Julie Newmar and John Ireland, focusing on revenge, cross-country survival, and racial confrontations on the edge of the frontier."
"Boldest Job in the West",1969,"El Más Fabuloso Golpe del Far West","José Antonio De La Loma","Mark Edwards","Fernando Sancho, Carmen Sevilla, Yvan Verella, Charlie Bravo, Piero Lulli, Frank Braña","Gianni Marchetti / Stelvio Cipriani","A gang of multinational outlaws executes an elaborate and supposedly bloodless heist on a major frontier bank, but the plan implodes when an insider betrays the squad and steals the entire haul for himself."
"Boot Hill",1969,"La Collina degli Stivali","Giuseppe Colizzi","Terence Hill","Bud Spencer, Lionel Stander, Woody Strode, Alberto Dell'Acqua, Victor Buono, Eduardo Ciannelli","Carlo Rustichelli","The concluding entry in the Colizzi trilogy uniting Terence Hill and Bud Spencer. Wounded gunfighter Cat Stevens is sheltered by a traveling circus troupe, eventually recruiting trapeze acrobats and hard-hitting allies to liberate a mining settlement from a corrupt claim-jumper (Victor Buono)."
"Born to Kill",1967,"Nato per Uccidere","Antonio Mollica (as Tony Mulligan)","Gordon Mitchell","Femi Benussi, Aldo Berti, Tom Felleghy, Giovanni Lenci, Ettore Manni, Aldo Cannistanni","Felice Di Stefano","Typically known for villainous roles, Gordon Mitchell plays a stoic gunfighter who rides into an oppressed town and is persuaded by local citizens and a saloon hostess (Femi Benussi) to confront the land baron running the county."
"Bounty Hunter in Trinity",1972,"Un Bounty Killer a Trinità","Aristide Massaccesi (as Oskar Faradine)","Jeff Cameron","Paul McCren, Pat Miner, Attilio Dottesio, Carla Mancini, Antonio Cantafora","Vasil Kojucharov","A professional manhunter is hired by town leaders to rid the settlement of an outlaw ring, only to discover the conspiracy runs straight to the town's prominent saloon proprietor. Directed and photographed by Joe D'Amato."
"Brother Outlaw",1971,"Rimase Uno Solo e Fu la Morte per Tutti","Edoardo Mulargia (as Edward G. Muller)","Tony Kendall","James Rogers, Celso Faria, Sophia Kammar, Dean Stratford, Sergio Sagrotti, Mimma Maggio","Gianfranco and Felice De Stefano","When a young man is wrongfully imprisoned for an armed holdup, his brother engineers a prison break. The pair spend the remainder of the story hunting down the actual bandits and the mastermind behind the scheme."
"Brothers Blue",1973,"Blu Gang Vissero per Sempre Felici e Ammazzati","Luigi Bazzoni (as Marc Meyer)","Jack Palance","Antonio Falsi, Guido Mannari, Tina Aumont, Maurizio Bonuglia, Lee Burton","Tony Renis","A moody, stylistic western influenced by the rapid pace of late-60s American outlaw cinema. Jack Palance plays an uncompromising lawman obsessed with tracking down the elusive and doomed Blue brother bandit gang."
"Buddy Goes West",1981,"Occhio alla Penna","Michele Lupo","Bud Spencer","Amidou, Joe Bugner, Piero Trombetta, Carlo Reali, Sara Franchetti","Ennio Morricone","A late-career comedy vehicle for Bud Spencer, who plays a traveling brawler mistaken for a licensed physician in a remote settlement. With his indigenous sidekick, he uses his physical might to defend the community against land-grabbers."
"Buffalo Bill, Hero of the Far West",1964,"Buffalo Bill, l'Eroe del Far West; L'Attaque de Fort Adams","Mario Costa (as John W. Fordson)","Gordon Scott","Mario Brega, Jan Hendriks, Catherine Ribeiro, Piero Lulli, Mirko Ellis, Hans von Borsody","Carlo Rustichelli","Bodybuilding star Gordon Scott portrays Buffalo Bill, tasked by the government with entering hostile territory to identify arms traffickers selling rifles to dissident tribes and preserve regional peace treaties."
"Bullet for Sandoval",1969,"Vengeance Is Mine; Quei Disperati Che Puzzano di Sudore e di Morte; Desperate Men","Julio Buchs","George Hilton","Ernest Borgnine, Annabella Incontrera, Alberto De Mendoza, Leo Anchóriz, Gustavo Rojo, Manuel Miranda","Gianni Ferrio","A Confederate deserter seeks vengeance against his aristocratic former landlord (Ernest Borgnine) after his family dies of illness through neglect. Complications arise when the deserter falls for his adversary's daughter."
"Bullet for the General",1966,"Quien Sabe?","Damiano Damiani","Gian Maria Volonté","Lou Castel, Klaus Kinski, Martine Beswick, Andrea Checchi, Spartaco Conversi, Aldo Sambrell","Luis Enrique Bacalov","A landmark political Eurowestern. A mercenary joins a charismatic Mexican rebel leader's outfit on an ideological and financial train raid, secretly harboring a contract from the government to assassinate the general."
"Bullets and the Flesh",1965,"Il Piombo e il Carne; I Sentieri dell'Odio","Marino Girolami (as Fred Wilson)","Rod Cameron","Patricia Viterbo, Thomas Moore, Dan Harrison, Manolo Zarzo, Marie Versini, Alfredo Mayo","Carlo Savina","A frontier drama transposing classic family feud tropes. A timber baron attempts to burn down native forest preserves to secure lumber contracts for the railroad, triggering an armed uprising."
"Bullets Don't Argue",1964,"Las Pistolas no Discuten; Le Pistole non Discutono","Mario Caiano (as Mike Perkins)","Rod Cameron","Horst Frank, Angel Aranda, Vivi Bach, Ludwig Duran, Dick Palmer, Hans Nielsen","Ennio Morricone","A dedicated sheriff has his wedding interrupted by a daring bank raid. He pursues the two bandit brothers across the Mexican border, but faces a gang of mercenaries attempting to hijack the recovered funds on the return journey."
"Bury Them Deep",1968,"To the Last Drop of Blood; All'Ultimo Sangue","Paolo Moffa (as John Byrd)","Craig Hill","Ettore Manni, Ken Wood, José Greci, Francesco Santovetti, Luciano Doria","Nico Fidenco / Willy Brezza","A military payroll shipment is ambushed by an outlaw outfit. A hired tracker rescues the ringleader's imprisoned brother from the gallows to help track down the gang and recover the army gold."